{
  "rules": {
    "users": {
      "$uid": {
        ".read": "auth != null && auth.uid == $uid",
        ".write": "auth != null && auth.uid == $uid"
      }
    },
    "adminPassword": {
      ".read": "auth != null",
      ".write": "auth != null"
    },
    "rooms": {
      ".read": "auth != null",
      ".write": "auth != null"
    },
    "patients": {
      ".read": "auth != null",
      ".write": "auth != null"
    },
    "surgeries": {
      ".read": "auth != null",
      ".write": "auth != null"
    },
    "clinic_rooms": {
      ".read": "auth != null",
      ".write": "auth != null"
    },
    "pendingPatients": {
      ".read": "auth != null",
      ".write": "auth != null"
    },
    "surgicalEvents": {
      ".read": "auth != null",
      ".write": "auth != null"
    }
  }
}
